user_id,signup_date,channel,campaign_cost,impressions,clicks,signups,activated,converted,monthly_revenue,months_active,lifetime_value
1,2024-04-12,Paid Social,383.64,6076,358.0,1,0,1,59.05,4.0,236.2
2,2024-12-14,Organic,30.35,6688,835.0,1,0,0,42.21,15.0,633.15
3,2024-09-27,Paid Social,208.94,8716,1522.0,1,0,0,71.45,17.0,1214.65
4,2024-04-16,Email,2.56,6404,1408.0,0,0,1,148.32,16.0,2373.12
5,2024-03-12,Paid Social,28.09,7445,1627.0,1,0,0,25.71,10.0,257.1
6,2024-07-07,Paid Search,97.19,7975,1982.0,0,1,0,2.76,16.0,44.16
7,2024-01-21,Paid Social,74.03,9186,1303.0,1,0,0,1.97,15.0,29.55
8,2024-04-12,Paid Social,122.25,6733,1660.0,1,0,1,14.02,22.0,308.44
9,2024-05-01,Paid Social,62.09,697,482.0,0,0,0,107.85,1.0,107.85
10,2024-08-02,Email,78.92,3162,908.0,1,1,0,29.63,3.0,88.89
11,2024-11-26,Paid Search,77.71,2436,1134.0,0,1,0,12.69,20.0,253.79999999999998
12,2024-03-28,,,9979,865.0,0,1,1,20.38,6.0,122.28
13,2024-04-09,Email,89.87,672,138.0,1,1,0,36.51,1.0,36.51
14,2024-12-25,Organic,75.2,7621,,0,0,1,42.33,5.0,211.64999999999998
15,2024-05-31,Organic,62.68,6271,434.0,0,1,0,,16.0,
16,2024-05-10,Organic,69.4,7197,508.0,1,0,1,150.95,6.0,905.6999999999999
17,2024-05-29,Organic,99.42,2190,272.0,1,0,1,31.48,4.0,125.92
18,2024-11-04,Organic,100.74,6666,1122.0,1,1,0,5.83,4.0,23.32
19,2024-09-14,Referral,,4724,1787.0,0,1,0,89.64,19.0,1703.16
20,2024-12-09,Organic,36.29,1733,1873.0,0,0,0,3.1,15.0,46.5
21,2024-10-20,Paid Search,15.34,1617,103.0,0,1,0,95.32,18.0,1715.7599999999998
22,2024-07-10,Email,257.03,3748,1237.0,0,1,1,,8.0,
23,2024-10-03,Organic,26.14,1637,1784.0,1,0,0,48.22,4.0,192.88
24,2024-06-09,Email,40.97,3237,1687.0,1,0,0,,7.0,
25,2024-11-09,Paid Search,142.31,7085,761.0,0,0,0,16.46,8.0,131.68
26,2024-01-22,Organic,21.35,197,786.0,1,0,1,113.6,4.0,454.4
27,2024-09-09,Referral,52.88,3850,164.0,0,0,0,30.18,,
28,2024-08-23,Paid Social,163.12,8635,998.0,1,0,0,52.73,1.0,52.73
29,2024-12-10,Email,81.35,8274,1876.0,1,0,0,,8.0,
30,2024-02-18,Referral,,8203,519.0,0,1,1,147.84,10.0,1478.4
31,2024-02-28,Email,134.7,5513,1307.0,0,1,0,,3.0,
32,2024-06-18,Paid Search,,4766,516.0,1,1,0,14.44,21.0,303.24
33,2024-07-06,Organic,,710,656.0,0,0,0,135.91,21.0,2854.11
34,2024-09-27,Referral,16.2,1827,612.0,1,1,0,39.57,21.0,830.97
35,2024-07-08,Email,124.27,1954,163.0,0,1,0,,1.0,
36,2024-06-23,,56.57,5155,1909.0,0,1,1,45.09,22.0,991.98
37,2024-02-20,Paid Search,122.18,2424,1682.0,0,0,1,14.68,5.0,73.4
38,2024-12-29,Paid Search,237.81,9469,63.0,0,1,0,18.48,13.0,240.24
39,2024-02-24,Referral,231.37,9383,1114.0,1,0,1,31.98,0.0,0.0
40,2024-08-31,Paid Search,73.54,5874,1140.0,1,0,0,62.43,17.0,1061.31
41,2024-11-15,Email,146.99,6619,1889.0,0,1,1,15.31,6.0,91.86
42,2024-05-10,Email,62.83,1849,266.0,1,1,1,34.67,0.0,0.0
43,2024-11-02,Paid Search,96.82,881,1845.0,0,0,0,16.96,0.0,0.0
44,2024-05-14,Referral,18.59,7648,1708.0,1,1,1,67.66,0.0,0.0
45,2024-01-21,Referral,41.69,6923,1582.0,0,1,0,25.15,23.0,578.4499999999999
46,2024-11-24,Organic,126.14,2205,1163.0,0,0,0,,3.0,
47,2024-06-15,Email,13.66,3967,245.0,0,1,0,7.26,3.0,21.78
48,2024-09-30,Paid Social,89.64,7293,1684.0,1,0,0,2.52,17.0,42.84
49,2024-03-29,Email,95.43,5076,1781.0,0,1,1,27.67,10.0,276.70000000000005
50,2024-11-11,Paid Search,,2213,394.0,1,1,1,4.5,0.0,0.0
51,2024-01-14,Email,18.71,5979,1510.0,1,0,0,4.85,9.0,43.65
52,2024-08-29,Paid Search,14.93,4070,475.0,0,1,1,113.24,8.0,905.92
53,2024-09-21,Organic,164.67,9359,1540.0,0,1,1,82.43,22.0,1813.46
54,2024-12-11,Email,95.49,7364,976.0,0,1,0,24.07,3.0,72.21000000000001
55,2024-02-22,Organic,63.53,1677,1207.0,1,1,0,170.2,5.0,851.0
56,2024-12-05,Paid Search,17.8,9303,,1,1,0,0.01,15.0,0.15
57,2024-04-01,,60.07,2374,1960.0,1,1,1,38.07,1.0,38.07
58,2024-09-20,,30.99,4969,557.0,1,1,1,38.33,22.0,843.26
59,2024-02-04,Paid Social,158.88,6844,1017.0,1,1,0,24.46,17.0,415.82
60,2024-07-24,Paid Social,,2526,1547.0,0,0,1,20.23,9.0,182.07
61,2024-03-21,Paid Search,,5646,1605.0,1,1,0,24.31,23.0,559.13
62,2024-02-19,Paid Search,147.95,6952,1552.0,0,0,0,21.44,23.0,493.12
63,2024-12-25,Paid Search,129.99,2651,882.0,0,1,0,52.45,16.0,839.2
64,2024-01-02,Referral,57.34,6511,146.0,0,1,0,5.82,12.0,69.84
65,2024-02-23,Referral,131.23,107,665.0,0,1,0,8.81,23.0,202.63000000000002
66,2024-04-15,Referral,148.12,8187,1327.0,0,1,0,,17.0,
67,2024-09-16,Referral,92.28,2655,619.0,1,1,0,12.18,21.0,255.78
68,2024-11-05,Organic,115.62,575,1771.0,1,0,0,29.8,12.0,357.6
69,2024-07-09,Paid Social,70.31,5516,819.0,1,1,0,4.72,16.0,75.52
70,2024-08-05,Organic,179.53,0,863.0,1,0,1,81.05,4.0,324.2
71,2024-02-13,Paid Social,78.25,0,581.0,0,0,0,14.12,10.0,141.2
72,2024-06-10,Paid Search,21.56,6810,1022.0,1,0,1,7.1,6.0,42.599999999999994
73,2024-07-20,Email,120.04,5100,694.0,0,1,0,45.03,9.0,405.27
74,2024-09-26,Paid Search,32.53,4754,1785.0,0,1,0,1.55,16.0,24.8
75,2024-12-16,Organic,196.04,8178,1251.0,1,1,1,38.7,14.0,541.8000000000001
76,2024-10-30,Organic,112.9,6163,1125.0,0,0,0,47.92,17.0,814.64
77,2024-09-27,Referral,10.53,2385,1610.0,1,0,0,9.68,22.0,212.95999999999998
78,2024-08-02,Paid Social,152.83,5323,1440.0,1,0,1,1.71,21.0,35.91
79,2024-09-08,Organic,102.97,7071,1981.0,0,0,0,,18.0,
80,2024-07-08,Organic,138.39,3625,1239.0,1,1,0,4.15,1.0,4.15
81,2024-10-22,Referral,86.41,2922,406.0,0,0,0,4.95,3.0,14.850000000000001
82,2024-07-31,Organic,189.85,5043,398.0,1,0,0,11.74,2.0,23.48
83,2024-07-26,Email,,6630,1946.0,1,0,0,14.01,6.0,84.06
84,2024-08-24,Referral,157.93,358,,0,0,0,30.2,23.0,694.6
85,2024-12-03,Organic,105.28,382,703.0,1,0,1,45.38,17.0,771.46
86,2024-02-22,Organic,15.09,1998,760.0,1,0,1,35.94,9.0,323.46
87,2024-10-06,,13.56,4235,498.0,1,1,1,6.42,6.0,38.519999999999996
88,2024-08-04,Paid Search,65.41,6729,1777.0,0,1,0,7.55,7.0,52.85
89,2024-09-08,Paid Search,41.43,3300,1488.0,1,1,1,84.4,5.0,422.0
90,2024-07-06,Email,10.46,5210,1714.0,1,1,0,32.69,21.0,686.49
91,2024-02-10,Email,27.17,7267,1972.0,1,0,1,81.59,0.0,0.0
92,2024-06-05,,73.09,712,973.0,1,1,1,18.58,3.0,55.739999999999995
93,2024-01-15,Referral,40.59,787,1754.0,0,1,1,38.12,13.0,495.55999999999995
94,2024-10-27,Paid Search,339.01,3790,81.0,0,0,0,29.67,16.0,474.72
95,2024-03-05,Organic,47.41,8904,603.0,1,1,0,15.37,19.0,292.03
96,2024-12-10,Referral,183.65,2407,1970.0,0,0,0,25.39,17.0,431.63
97,2024-11-22,Paid Social,237.89,7233,1710.0,1,0,1,27.93,10.0,279.3
98,2024-01-09,Paid Search,54.19,6609,1774.0,0,0,0,8.96,20.0,179.20000000000002
99,2024-12-09,Email,50.34,0,771.0,0,1,1,15.13,13.0,196.69
100,2024-05-08,Organic,55.24,2691,902.0,1,1,0,62.7,8.0,501.6
101,2024-05-15,Paid Social,72.95,7283,364.0,0,1,0,98.98,14.0,1385.72
102,2024-03-03,Organic,61.48,5348,162.0,0,0,0,17.84,11.0,196.24
103,2024-05-18,Paid Social,28.22,8866,1071.0,1,0,0,14.67,9.0,132.03
104,2024-03-21,Organic,107.54,5208,510.0,1,0,0,8.69,18.0,156.42
105,2024-06-11,Organic,61.31,3704,1352.0,1,0,0,45.39,23.0,1043.97
106,2024-10-15,Organic,346.91,769,1863.0,0,1,1,15.61,18.0,280.98
107,2024-09-17,Paid Social,159.71,4464,115.0,0,0,0,176.09,5.0,880.45
108,2024-08-18,Referral,62.05,7429,,0,1,0,15.76,19.0,299.44
109,2024-02-10,Paid Social,126.98,1383,1872.0,0,1,1,20.04,23.0,460.91999999999996
110,2024-01-28,,123.57,1023,336.0,0,0,1,36.99,5.0,184.95000000000002
111,2024-05-14,Paid Search,174.68,1225,880.0,0,1,1,64.72,7.0,453.03999999999996
112,2024-07-19,Paid Search,13.75,1629,736.0,0,0,0,25.36,0.0,0.0
113,2024-11-23,Email,25.67,9886,1887.0,1,0,1,21.97,21.0,461.37
114,2024-09-24,Organic,39.99,8538,839.0,1,0,1,217.39,16.0,3478.24
115,2024-02-02,,82.8,3811,146.0,0,1,0,0.42,16.0,6.72
116,2024-02-17,Organic,38.84,8104,1598.0,1,0,0,90.18,23.0,2074.1400000000003
117,2024-03-02,,201.33,9852,1829.0,0,1,0,6.46,14.0,90.44
118,2024-08-03,Organic,29.55,6374,1346.0,1,1,0,61.66,6.0,369.96
119,2024-10-19,Email,99.81,3964,,1,0,1,,18.0,
120,2024-04-08,Paid Social,104.65,7933,836.0,0,1,0,16.73,21.0,351.33
121,2024-06-20,,112.35,6888,1036.0,1,1,1,82.82,22.0,1822.04
122,2024-12-25,Organic,138.53,326,942.0,1,0,0,0.52,2.0,1.04
123,2024-08-01,Paid Social,166.86,364,1517.0,1,0,0,10.28,21.0,215.88
124,2024-02-04,,226.46,9687,1724.0,0,1,0,33.47,10.0,334.7
125,2024-08-14,Paid Social,61.64,745,286.0,1,0,0,17.33,19.0,329.27
126,2024-04-10,Paid Social,40.28,7644,719.0,0,1,1,37.7,18.0,678.6
127,2024-05-10,Referral,,5669,1137.0,1,0,1,0.98,8.0,7.84
128,2024-09-13,Paid Social,111.94,0,479.0,0,0,0,4.95,9.0,44.550000000000004
129,2024-01-05,Paid Social,148.05,2604,21.0,0,0,0,5.44,1.0,5.44
130,2024-08-05,Paid Social,19.43,9446,1372.0,1,0,0,8.39,0.0,0.0
131,2024-09-11,Email,142.03,687,1749.0,1,1,1,24.6,15.0,369.0
132,2024-12-24,Organic,,9277,682.0,1,0,0,55.79,17.0,948.43
133,2024-10-09,Paid Search,101.75,4179,1858.0,0,1,0,94.38,22.0,2076.3599999999997
134,2024-07-25,,60.02,3448,1589.0,1,1,0,,16.0,
135,2024-01-15,Email,188.27,6399,905.0,1,1,1,8.77,5.0,43.849999999999994
136,2024-12-11,Paid Social,20.62,3931,1833.0,1,1,0,23.28,13.0,302.64
137,2024-02-11,Paid Social,95.19,9533,319.0,1,0,0,8.9,22.0,195.8
138,2024-06-27,Paid Search,112.58,8481,125.0,1,0,1,12.29,14.0,172.06
139,2024-03-03,Organic,62.03,9272,276.0,0,1,0,28.01,13.0,364.13
140,2024-12-17,Paid Social,95.12,9990,1999.0,0,0,0,2.82,23.0,64.86
141,2024-08-18,Paid Search,56.02,1815,1227.0,1,1,1,9.84,21.0,206.64
142,2024-08-28,Paid Social,91.86,6550,193.0,1,0,1,109.57,2.0,219.14
143,2024-02-21,Organic,109.35,5533,1704.0,1,1,0,25.1,23.0,577.3000000000001
144,2024-04-05,,53.79,1198,1687.0,0,1,0,23.58,22.0,518.76
145,2024-08-09,,75.16,0,1570.0,0,1,0,0.59,18.0,10.62
146,2024-08-18,Referral,8.9,2426,695.0,0,1,1,11.37,11.0,125.07
147,2024-08-24,Paid Social,59.75,9187,1309.0,0,1,0,80.48,1.0,80.48
148,2024-05-22,Paid Search,26.49,6516,56.0,1,1,1,7.2,2.0,14.4
149,2024-06-19,Email,72.38,7080,,0,1,0,21.45,17.0,364.65
150,2024-01-29,Referral,178.75,6863,1326.0,0,0,0,0.58,0.0,0.0
151,2024-02-05,Organic,199.78,1774,1186.0,1,0,1,26.03,19.0,494.57000000000005
152,2024-01-13,Email,69.79,8050,18.0,0,0,1,0.85,20.0,17.0
153,2024-06-08,Email,29.06,9222,1393.0,1,1,0,,5.0,
154,2024-11-22,Email,26.57,9015,263.0,0,0,0,69.69,4.0,278.76
155,2024-07-05,Referral,155.77,6149,793.0,1,1,0,62.0,0.0,0.0
156,2024-08-30,Paid Social,70.7,1189,112.0,1,1,1,13.33,18.0,239.94
157,2024-03-26,Paid Search,88.22,4678,1511.0,0,1,1,,0.0,
158,2024-10-10,Email,69.39,9227,1350.0,1,1,0,31.32,20.0,626.4
159,2024-03-06,Email,120.41,255,541.0,1,0,1,18.72,20.0,374.4
160,2024-06-18,Organic,81.48,9362,646.0,1,1,0,39.27,15.0,589.0500000000001
161,2024-02-14,Organic,137.87,2058,578.0,0,1,0,0.5,11.0,5.5
162,2024-03-02,Paid Search,139.22,6444,1088.0,1,0,0,6.17,21.0,129.57
163,2024-05-13,Email,36.03,5879,1315.0,1,0,0,54.24,7.0,379.68
164,2024-10-10,,105.99,6244,24.0,0,1,0,11.2,15.0,168.0
165,2024-01-28,Organic,192.77,5163,1572.0,0,1,0,36.45,0.0,0.0
166,2024-04-17,Paid Social,119.25,3930,0.0,1,0,0,19.45,3.0,58.349999999999994
167,2024-02-13,Paid Search,109.96,9146,910.0,0,1,1,77.19,9.0,694.71
168,2024-12-05,,43.38,8931,1572.0,0,1,0,121.81,10.0,1218.1
169,2024-10-12,Email,44.08,9894,140.0,0,0,0,86.02,16.0,1376.32
170,2024-11-26,Email,82.41,6759,1767.0,1,1,0,12.62,22.0,277.64
171,2024-05-07,Paid Social,48.72,541,647.0,1,1,1,8.63,6.0,51.78
172,2024-12-13,Paid Search,165.55,0,1924.0,1,1,0,25.73,11.0,283.03000000000003
173,2024-08-18,Paid Search,72.66,6025,,1,1,0,0.29,20.0,5.8
174,2024-07-08,Organic,46.34,7458,1151.0,1,0,1,1.05,6.0,6.300000000000001
175,2024-08-12,Email,,4728,200.0,1,0,0,32.23,11.0,354.53
176,2024-10-09,Email,30.8,6470,1150.0,0,0,0,,14.0,
177,2024-04-30,,81.78,9628,256.0,1,0,1,208.72,1.0,208.72
178,2024-04-25,,51.64,1048,1699.0,1,0,0,9.02,13.0,117.25999999999999
179,2024-08-20,Paid Social,354.43,8279,546.0,0,1,0,11.94,12.0,143.28
180,2024-09-15,Referral,81.88,0,193.0,1,1,0,4.82,3.0,14.46
181,2024-12-24,Email,38.6,559,702.0,1,1,0,99.82,13.0,1297.6599999999999
182,2024-07-16,Email,85.79,7668,1127.0,0,1,0,60.17,13.0,782.21
183,2024-05-16,Organic,72.3,4746,1558.0,1,1,0,69.12,15.0,1036.8000000000002
184,2024-11-13,Paid Social,44.46,492,1288.0,0,0,0,,6.0,
185,2024-06-13,Organic,164.85,1887,801.0,0,0,0,29.77,18.0,535.86
186,2024-08-12,,130.39,7474,941.0,1,1,1,24.0,1.0,24.0
187,2024-11-02,Paid Social,102.41,1238,1997.0,0,1,0,16.04,9.0,144.35999999999999
188,2024-08-21,Organic,,4841,1407.0,1,0,0,35.59,17.0,605.0300000000001
189,2024-06-20,Referral,263.55,7518,,1,1,1,24.23,16.0,387.68
190,2024-05-31,Paid Social,108.64,6462,413.0,1,0,1,24.03,4.0,96.12
191,2024-11-10,Paid Search,51.25,2554,1381.0,1,1,0,110.54,11.0,1215.94
192,2024-06-08,Organic,175.25,9758,1098.0,0,1,1,165.49,5.0,827.45
193,2024-04-05,Referral,90.95,3774,1378.0,1,1,0,63.68,21.0,1337.28
194,2024-08-20,Paid Social,160.94,1477,1607.0,1,1,0,56.55,8.0,452.4
195,2024-06-28,Referral,112.02,0,,1,1,1,45.65,19.0,867.35
196,2024-04-22,Paid Social,318.51,2697,909.0,1,1,0,7.26,0.0,0.0
197,2024-11-13,Email,32.91,241,187.0,1,1,0,2.44,21.0,51.24
198,2024-02-21,Paid Social,53.62,2759,1996.0,1,1,0,46.94,14.0,657.16
199,2024-09-24,Paid Social,458.64,4696,1708.0,0,1,0,,20.0,
200,2024-10-21,Email,77.25,9131,1313.0,1,0,0,1.92,5.0,9.6
201,2024-04-22,Paid Search,29.67,5761,44.0,1,0,1,105.27,18.0,1894.86
202,2024-04-10,Organic,125.32,6242,1596.0,1,1,0,3.82,17.0,64.94
203,2024-04-22,Organic,175.46,5726,82.0,1,0,1,13.47,5.0,67.35000000000001
204,2024-03-21,Referral,76.39,8887,1146.0,0,0,0,44.64,12.0,535.6800000000001
205,2024-07-05,Paid Social,11.63,8572,357.0,1,1,1,,0.0,
206,2024-04-22,Referral,37.63,523,1551.0,1,1,1,2.28,22.0,50.16
207,2024-01-02,Organic,17.71,7099,1089.0,1,1,1,16.09,22.0,353.98
208,2024-05-09,Organic,290.83,4349,935.0,0,0,0,58.09,,
209,2024-08-07,Organic,16.12,1850,,0,0,0,21.36,6.0,128.16
210,2024-02-23,Paid Search,51.56,4857,374.0,1,0,0,42.33,14.0,592.62
211,2024-12-08,Paid Social,122.68,2067,161.0,0,0,1,34.66,11.0,381.26
212,2024-08-11,Paid Search,,4188,1769.0,0,0,1,0.9,0.0,0.0
213,2024-08-12,Paid Search,112.04,4278,1403.0,0,0,0,178.76,14.0,2502.64
214,2024-05-05,Email,46.45,7889,,0,1,0,1.69,,
215,2024-05-09,Paid Search,106.03,3046,1381.0,1,1,0,137.43,12.0,1649.16
216,2024-02-22,Paid Social,65.9,0,1211.0,1,0,0,31.93,22.0,702.46
217,2024-06-20,Referral,73.62,5494,321.0,1,0,0,132.05,4.0,528.2
218,2024-08-05,Paid Search,172.44,7980,449.0,1,1,1,4.88,1.0,4.88
219,2024-06-08,Paid Social,28.78,5175,1497.0,0,0,1,26.97,22.0,593.3399999999999
220,2024-07-16,Email,105.68,7330,1036.0,1,1,0,7.43,0.0,0.0
221,2024-09-03,Email,147.06,1631,183.0,1,0,0,2.09,15.0,31.349999999999998
222,2024-11-19,Organic,26.01,3090,110.0,0,0,0,38.44,22.0,845.68
223,2024-07-21,Email,17.84,7255,1950.0,1,0,0,,,
224,2024-07-02,Paid Social,66.96,4593,,1,0,0,35.44,,
225,2024-05-02,Paid Search,100.84,9435,1313.0,1,1,0,,15.0,
226,2024-09-11,Paid Social,132.63,1033,294.0,1,1,1,16.14,13.0,209.82
227,2024-10-20,,21.91,1560,1474.0,0,1,0,60.86,2.0,121.72
228,2024-10-06,Paid Social,150.84,2823,903.0,1,0,0,22.98,14.0,321.72
229,2024-11-20,Paid Search,189.77,385,1238.0,1,1,1,39.53,2.0,79.06
230,2024-04-07,Paid Social,109.0,364,973.0,1,1,1,41.7,22.0,917.4000000000001
231,2024-07-16,Organic,198.42,6916,631.0,1,1,0,74.25,,
232,2024-08-27,Organic,63.96,1862,1917.0,0,0,0,15.72,0.0,0.0
233,2024-05-23,Organic,,140,1590.0,1,0,0,46.5,8.0,372.0
234,2024-04-06,Organic,75.17,5927,1050.0,1,1,1,130.4,8.0,1043.2
235,2024-07-19,Organic,32.79,8359,1653.0,0,1,1,52.41,22.0,1153.02
236,2024-05-03,Organic,50.81,1087,732.0,0,0,1,26.92,6.0,161.52
237,2024-07-05,Paid Social,83.93,7904,1254.0,1,0,0,39.85,2.0,79.7
238,2024-11-21,Organic,92.66,7889,1588.0,1,0,1,,17.0,
239,2024-12-14,Paid Search,116.09,5817,1830.0,0,1,0,37.9,10.0,379.0
240,2024-09-15,Email,7.98,3298,320.0,0,0,0,0.67,6.0,4.0200000000000005
241,2024-05-27,Paid Social,453.17,5474,912.0,1,1,0,8.67,8.0,69.36
242,2024-09-08,Referral,36.25,4890,1256.0,0,1,0,66.53,0.0,0.0
243,2024-12-11,Organic,132.22,7283,1693.0,1,1,0,12.73,13.0,165.49
244,2024-05-26,Organic,102.49,2624,436.0,1,1,1,52.61,19.0,999.59
245,2024-05-27,Organic,47.99,9377,780.0,1,0,1,18.62,5.0,93.10000000000001
246,2024-12-17,Organic,123.88,2579,1556.0,1,1,0,29.52,6.0,177.12
247,2024-07-17,Paid Search,37.04,9985,1426.0,0,0,0,2.82,9.0,25.38
248,2024-11-03,Organic,81.36,5254,1076.0,1,1,0,8.0,6.0,48.0
249,2024-05-07,Organic,291.08,878,1810.0,1,1,0,126.05,1.0,126.05
250,2024-02-08,Organic,,9877,1336.0,0,0,0,88.34,3.0,265.02
251,2024-12-03,Paid Social,87.77,1592,1304.0,1,1,1,42.25,20.0,845.0
252,2024-12-25,Organic,31.36,760,725.0,1,1,0,,16.0,
253,2024-05-08,Paid Search,134.35,1448,30.0,1,0,0,45.05,0.0,0.0
254,2024-09-23,Paid Social,42.79,0,336.0,1,1,0,38.56,9.0,347.04
255,2024-05-30,Referral,103.98,7951,182.0,1,1,1,33.62,18.0,605.16
256,2024-10-24,Organic,166.51,7256,1046.0,0,1,1,2.44,,
257,2024-04-08,Referral,,2144,,1,0,1,40.07,9.0,360.63
258,2024-09-19,Paid Social,125.33,7468,1469.0,1,0,1,58.6,,
259,2024-09-08,Organic,108.46,3616,1097.0,0,0,0,205.19,11.0,2257.09
260,2024-05-23,Email,170.83,9350,1033.0,0,1,0,0.45,23.0,10.35
261,2024-12-11,Email,125.8,9268,1507.0,1,0,1,52.4,15.0,786.0
262,2024-04-21,Organic,197.39,4677,1479.0,1,1,0,33.93,8.0,271.44
263,2024-02-29,Paid Search,67.57,827,1589.0,1,0,0,22.77,14.0,318.78
264,2024-01-02,Email,25.07,7568,1587.0,1,1,0,5.46,16.0,87.36
265,2024-10-30,Referral,,442,659.0,1,0,0,21.04,13.0,273.52
266,2024-09-10,Organic,17.92,1547,159.0,1,0,0,17.5,17.0,297.5
267,2024-05-19,Organic,65.24,6681,1905.0,0,0,0,14.43,1.0,14.43
268,2024-02-06,Paid Search,94.77,6417,1037.0,1,0,1,52.5,3.0,157.5
269,2024-06-08,Paid Social,45.82,626,1201.0,0,1,0,,17.0,
270,2024-01-09,Paid Social,46.56,6848,411.0,1,1,0,35.57,6.0,213.42000000000002
271,2024-08-20,Paid Search,57.32,505,1901.0,0,1,0,111.66,12.0,1339.92
272,2024-04-08,Paid Social,82.05,8086,,0,1,0,,14.0,
273,2024-05-26,Referral,215.78,9865,52.0,0,1,0,11.18,22.0,245.95999999999998
274,2024-10-30,Organic,12.34,3840,407.0,1,1,0,42.67,21.0,896.07
275,2024-07-26,Paid Search,,1946,846.0,1,1,0,8.87,0.0,0.0
276,2024-05-10,Referral,126.27,1578,1045.0,1,1,0,,10.0,
277,2024-05-31,Email,68.06,871,,0,0,0,10.18,9.0,91.62
278,2024-02-23,Paid Social,111.29,5625,702.0,1,1,0,2.87,4.0,11.48
279,2024-04-29,Paid Social,71.73,8870,259.0,1,0,0,70.29,15.0,1054.3500000000001
280,2024-06-09,Organic,124.37,293,,1,1,0,11.75,10.0,117.5
281,2024-04-25,Paid Search,38.82,2107,1082.0,1,1,0,25.62,20.0,512.4
282,2024-03-15,Paid Social,34.58,1285,1494.0,1,0,0,1.77,5.0,8.85
283,2024-04-22,Organic,10.82,2494,775.0,1,0,0,48.07,8.0,384.56
284,2024-04-13,Paid Search,111.66,9402,1489.0,0,1,0,16.05,12.0,192.60000000000002
285,2024-12-05,Paid Search,50.14,4105,1035.0,0,1,0,54.62,,
286,2024-09-10,Organic,17.14,7529,1654.0,0,0,1,21.27,7.0,148.89
287,2024-08-14,Paid Search,35.12,2361,1950.0,1,1,1,8.71,13.0,113.23000000000002
288,2024-04-21,Organic,,3836,1997.0,0,1,1,,23.0,
289,2024-04-08,Paid Search,94.13,6816,1313.0,0,1,1,5.59,0.0,0.0
290,2024-06-01,Organic,36.29,4975,849.0,0,1,0,23.23,16.0,371.68
291,2024-12-14,Email,210.0,9021,1783.0,0,1,1,15.27,23.0,351.21
292,2024-12-03,Paid Social,78.58,4478,353.0,1,0,0,97.2,4.0,388.8
293,2024-07-12,Referral,,7915,1662.0,0,1,0,2.51,1.0,2.51
294,2024-11-05,Referral,92.65,3551,1098.0,1,1,0,47.37,23.0,1089.51
295,2024-06-11,Paid Social,66.32,7716,872.0,1,0,0,8.07,8.0,64.56
296,2024-07-26,Organic,112.01,9936,1739.0,1,0,1,15.37,3.0,46.11
297,2024-06-17,Paid Social,181.73,2900,1584.0,0,0,0,,16.0,
298,2024-06-09,Paid Social,65.38,8433,1614.0,0,1,1,95.45,16.0,1527.2
299,2024-03-08,Referral,141.47,5510,1464.0,0,1,0,,20.0,
300,2024-10-15,Paid Search,45.79,1555,990.0,0,1,0,3.83,17.0,65.11
301,2024-10-03,Organic,264.61,6992,1264.0,1,1,0,15.35,15.0,230.25
302,2024-10-30,Paid Search,40.49,5908,1017.0,1,1,0,4.42,7.0,30.939999999999998
303,2024-05-14,Paid Search,324.9,6896,1884.0,1,0,1,5.51,10.0,55.099999999999994
304,2024-07-13,Paid Social,26.25,4896,1177.0,1,0,0,34.12,20.0,682.4
305,2024-05-07,Paid Social,62.5,5193,1809.0,1,0,0,2.51,20.0,50.199999999999996
306,2024-02-02,Paid Search,116.17,1425,1119.0,1,0,1,1.26,17.0,21.42
307,2024-06-24,,190.01,5076,1749.0,1,1,0,50.13,22.0,1102.8600000000001
308,2024-01-22,Paid Social,238.18,9505,293.0,0,1,1,17.95,23.0,412.84999999999997
309,2024-08-25,Organic,217.5,1259,208.0,1,0,0,5.36,9.0,48.24
310,2024-06-06,Organic,113.06,4750,1366.0,0,1,0,11.7,12.0,140.39999999999998
311,2024-02-07,Organic,42.76,5087,1111.0,0,1,0,41.1,16.0,657.6
312,2024-08-17,Organic,163.58,4797,817.0,1,0,0,12.89,17.0,219.13
313,2024-12-30,Organic,176.85,440,1799.0,1,0,0,27.29,9.0,245.60999999999999
314,2024-02-20,Organic,104.44,3928,1960.0,1,0,0,5.19,15.0,77.85000000000001
315,2024-09-20,Paid Search,53.39,2068,389.0,1,0,1,35.48,19.0,674.1199999999999
316,2024-10-09,Organic,30.56,803,,0,1,1,15.2,4.0,60.8
317,2024-01-27,Email,45.34,5582,939.0,1,0,0,,12.0,
318,2024-08-13,Organic,43.31,6476,888.0,1,0,0,66.09,17.0,1123.53
319,2024-10-03,Paid Social,85.51,1900,1855.0,1,1,0,37.83,16.0,605.28
320,2024-10-12,Paid Search,169.18,5563,1180.0,0,1,0,14.02,8.0,112.16
321,2024-04-06,,90.54,5012,667.0,0,0,1,11.81,13.0,153.53
322,2024-10-10,Organic,28.25,4748,1674.0,0,0,0,15.87,16.0,253.92
323,2024-11-12,Paid Search,136.73,955,632.0,1,0,0,7.19,3.0,21.57
324,2024-10-30,,282.71,2966,576.0,0,0,0,8.0,17.0,136.0
325,2024-05-26,Email,89.71,282,1642.0,0,0,1,62.56,19.0,1188.64
326,2024-01-04,Email,46.66,3212,1682.0,0,1,0,19.43,23.0,446.89
327,2024-02-04,Paid Search,34.35,5770,136.0,0,0,0,22.91,23.0,526.93
328,2024-07-10,Organic,130.92,4592,1946.0,1,0,0,,14.0,
329,2024-02-18,Referral,233.03,0,1697.0,0,1,0,35.63,10.0,356.3
330,2024-01-17,Email,65.06,1617,427.0,0,0,0,2.79,11.0,30.69
331,2024-06-20,Paid Social,53.4,5102,1475.0,1,0,0,71.24,8.0,569.92
332,2024-08-07,Paid Social,88.13,1456,,1,0,1,7.81,12.0,93.72
333,2024-06-06,Paid Search,144.51,3729,1873.0,0,1,0,51.36,14.0,719.04
334,2024-02-15,Referral,43.73,3728,910.0,1,0,0,59.25,14.0,829.5
335,2024-01-06,Organic,98.74,8310,818.0,1,1,1,50.2,4.0,200.8
336,2024-04-08,Paid Search,120.26,6232,140.0,0,1,1,34.6,22.0,761.2
337,2024-08-20,Paid Search,126.86,9424,1106.0,1,0,0,,18.0,
338,2024-02-06,Paid Social,31.57,6688,176.0,1,1,0,17.87,19.0,339.53000000000003
339,2024-10-06,Organic,38.08,3411,197.0,1,0,0,37.14,13.0,482.82
340,2024-12-14,Organic,89.09,6148,623.0,1,0,1,19.61,16.0,313.76
341,2024-10-28,Paid Social,,6346,1591.0,1,1,0,79.65,17.0,1354.0500000000002
342,2024-06-29,Paid Search,314.31,1087,1995.0,1,1,0,14.77,20.0,295.4
343,2024-04-04,Paid Social,29.56,3421,690.0,0,1,0,13.9,2.0,27.8
344,2024-04-08,Organic,100.63,4715,1444.0,1,0,0,12.37,1.0,12.37
345,2024-07-06,Paid Social,83.23,8465,400.0,0,0,0,16.19,0.0,0.0
346,2024-04-25,Paid Social,,3841,1721.0,0,1,0,32.6,9.0,293.40000000000003
347,2024-07-09,Organic,183.56,3152,470.0,1,0,0,49.11,18.0,883.98
348,2024-09-09,Paid Search,125.67,6674,217.0,0,0,0,43.46,16.0,695.36
349,2024-06-09,Organic,128.34,826,1948.0,1,0,0,65.95,11.0,725.45
350,2024-09-12,Organic,27.77,3860,928.0,1,0,0,86.83,0.0,0.0
351,2024-11-18,,62.56,0,1851.0,1,1,0,,11.0,
352,2024-05-07,Paid Search,86.64,1975,1752.0,0,0,0,0.77,16.0,12.32
353,2024-01-18,Email,94.83,7093,631.0,1,1,0,53.26,23.0,1224.98
354,2024-10-07,Paid Search,365.18,4133,950.0,1,0,1,9.35,2.0,18.7
355,2024-08-10,Referral,,5543,905.0,0,1,1,5.71,10.0,57.1
356,2024-02-23,Referral,,1089,174.0,1,0,1,40.7,16.0,651.2
357,2024-02-27,Paid Social,87.53,3844,22.0,1,0,0,15.41,22.0,339.02
358,2024-11-18,Paid Social,120.59,8711,1748.0,1,0,0,2.35,2.0,4.7
359,2024-12-25,Paid Search,86.87,693,1940.0,0,0,0,5.92,7.0,41.44
360,2024-06-22,Paid Search,1.37,1874,234.0,0,1,0,0.04,19.0,0.76
361,2024-10-06,Email,103.73,1035,1036.0,1,1,0,93.41,3.0,280.23
362,2024-04-23,Email,123.29,3908,1124.0,1,1,1,1.0,20.0,20.0
363,2024-10-14,,24.94,431,928.0,1,0,0,9.4,21.0,197.4
364,2024-12-07,Organic,46.32,8022,1559.0,0,0,0,21.53,6.0,129.18
365,2024-05-30,Referral,79.35,2802,1899.0,1,0,1,17.64,13.0,229.32
366,2024-05-06,Email,51.99,5989,522.0,1,1,1,97.09,13.0,1262.17
367,2024-06-03,Organic,59.52,5154,1808.0,1,1,1,1.64,3.0,4.92
368,2024-09-29,Organic,104.42,0,1475.0,1,1,0,,15.0,
369,2024-04-13,Referral,49.02,4300,430.0,1,0,0,,23.0,
370,2024-10-25,Paid Social,18.35,0,792.0,1,1,0,107.35,21.0,2254.35
371,2024-09-02,Email,157.2,2597,1629.0,1,0,0,38.74,0.0,0.0
372,2024-06-24,Organic,32.48,0,1736.0,0,1,0,65.14,16.0,1042.24
373,2024-02-08,Referral,70.56,9201,532.0,1,1,0,3.5,9.0,31.5
374,2024-06-18,Organic,54.7,4758,1875.0,0,1,1,19.51,21.0,409.71000000000004
375,2024-09-03,Organic,28.29,7644,978.0,1,1,0,18.73,15.0,280.95
376,2024-01-26,Organic,153.89,7818,1746.0,0,0,1,86.96,15.0,1304.3999999999999
377,2024-12-20,Email,142.85,870,1675.0,0,1,1,6.57,7.0,45.99
378,2024-11-01,Referral,60.53,3255,1316.0,1,0,0,6.59,6.0,39.54
379,2024-01-13,Paid Social,82.36,1728,809.0,1,1,1,15.93,5.0,79.65
380,2024-11-11,Paid Search,90.56,486,912.0,0,0,0,2.24,15.0,33.6
381,2024-11-08,Email,29.97,6131,1124.0,1,1,0,8.06,19.0,153.14000000000001
382,2024-02-05,Paid Search,34.23,6539,1525.0,0,1,1,134.34,15.0,2015.1000000000001
383,2024-06-21,Email,81.35,6501,1327.0,1,1,0,22.36,6.0,134.16
384,2024-01-20,Paid Search,27.61,4108,870.0,0,1,1,39.99,8.0,319.92
385,2024-11-16,Paid Search,80.77,2566,539.0,1,1,0,51.8,13.0,673.4
386,2024-09-20,Paid Social,5.55,2382,1023.0,0,1,0,18.29,10.0,182.89999999999998
387,2024-05-21,Paid Search,57.79,1956,1576.0,0,1,0,6.37,13.0,82.81
388,2024-05-22,Referral,103.11,0,1378.0,0,1,0,9.26,6.0,55.56
389,2024-04-01,Paid Social,97.43,2098,1326.0,1,0,0,,0.0,
390,2024-12-19,Organic,180.96,5576,1519.0,0,1,0,40.43,12.0,485.15999999999997
391,2024-11-17,Email,29.9,9528,1681.0,1,1,1,20.32,19.0,386.08
392,2024-10-14,Paid Search,77.76,4769,,0,1,1,0.27,2.0,0.54
393,2024-08-02,Paid Social,158.08,9442,1997.0,1,0,0,29.64,19.0,563.16
394,2024-12-07,Email,102.49,4418,226.0,0,0,1,101.79,3.0,305.37
395,2024-02-20,Paid Social,146.33,7164,1259.0,1,1,1,66.87,10.0,668.7
396,2024-06-01,Organic,27.66,7546,,0,0,1,69.77,1.0,69.77
397,2024-07-04,Email,87.45,1531,,0,1,0,63.4,13.0,824.1999999999999
398,2024-03-03,Paid Social,69.41,5724,1478.0,0,0,0,15.65,11.0,172.15
399,2024-07-08,Paid Search,89.28,7561,1036.0,1,0,1,57.96,16.0,927.36
400,2024-05-04,Organic,41.52,1919,209.0,1,1,0,6.18,11.0,67.97999999999999
401,2024-05-29,Referral,198.43,1230,740.0,0,1,1,42.88,11.0,471.68
402,2024-11-09,Paid Social,135.41,6663,396.0,1,1,0,41.04,0.0,0.0
403,2024-02-27,Paid Social,182.64,2758,1123.0,1,1,0,1.04,,
404,2024-12-07,Email,102.93,3600,30.0,0,0,0,62.04,13.0,806.52
405,2024-10-31,Referral,45.48,8666,897.0,0,1,0,93.42,23.0,2148.66
406,2024-06-28,Organic,128.99,2220,1551.0,1,0,0,12.45,1.0,12.45
407,2024-06-18,Paid Search,,4120,648.0,0,1,1,66.94,11.0,736.3399999999999
408,2024-11-21,Organic,102.83,3359,328.0,0,1,0,3.44,20.0,68.8
409,2024-09-27,Referral,36.73,1923,1189.0,1,0,1,36.65,15.0,549.75
410,2024-02-23,Organic,51.06,1574,1482.0,0,1,1,26.59,3.0,79.77
411,2024-04-10,Paid Social,85.85,2342,1845.0,1,1,0,31.58,7.0,221.06
412,2024-09-20,Referral,217.03,3343,951.0,1,0,1,104.26,1.0,104.26
413,2024-02-22,Email,261.79,7090,1123.0,1,1,1,82.02,,
414,2024-02-29,Paid Search,,5260,620.0,1,0,1,61.5,8.0,492.0
415,2024-04-17,Email,108.74,3234,1878.0,0,0,1,12.79,22.0,281.38
416,2024-01-05,Organic,50.53,2170,1196.0,1,1,1,97.13,14.0,1359.82
417,2024-04-12,Email,24.97,459,1772.0,1,1,0,,12.0,
418,2024-07-14,Organic,126.61,1241,161.0,1,1,0,76.78,22.0,1689.16
419,2024-09-18,Paid Search,93.24,1735,1928.0,1,1,1,15.91,16.0,254.56
420,2024-12-30,Referral,97.67,4100,1751.0,1,1,0,2.21,15.0,33.15
421,2024-12-15,Organic,73.16,0,775.0,1,1,0,44.27,1.0,44.27
422,2024-02-16,Organic,104.55,6683,1286.0,1,0,0,10.52,19.0,199.88
423,2024-12-20,Referral,101.7,7935,1827.0,0,0,1,11.17,19.0,212.23
424,2024-11-06,Referral,149.93,106,273.0,1,0,0,14.61,13.0,189.93
425,2024-11-03,Paid Social,41.07,3367,1026.0,1,0,1,2.63,2.0,5.26
426,2024-05-23,Referral,154.86,6664,1051.0,1,1,0,7.8,22.0,171.6
427,2024-09-25,Paid Social,140.3,9883,325.0,0,0,0,0.21,11.0,2.31
428,2024-05-03,Paid Search,106.22,5028,939.0,1,0,0,23.58,7.0,165.06
429,2024-04-15,Paid Search,85.31,2706,1172.0,1,0,0,3.52,1.0,3.52
430,2024-06-06,Organic,77.39,6006,539.0,1,1,1,45.91,3.0,137.73
431,2024-05-26,Email,77.91,3373,487.0,0,1,1,10.75,13.0,139.75
432,2024-05-24,Paid Social,85.32,7711,821.0,1,1,1,114.99,15.0,1724.85
433,2024-04-29,Paid Search,19.36,1013,1461.0,0,1,0,82.0,18.0,1476.0
434,2024-11-14,Paid Social,,2111,1088.0,1,1,0,13.67,1.0,13.67
435,2024-10-01,Email,173.81,0,355.0,1,1,1,,,
436,2024-04-01,Organic,263.47,5646,1556.0,0,0,1,65.03,,
437,2024-02-27,Paid Social,130.41,1929,1275.0,1,1,0,172.39,5.0,861.9499999999999
438,2024-12-11,Paid Social,49.27,8867,,0,1,0,36.44,12.0,437.28
439,2024-08-16,Paid Social,118.16,6568,226.0,0,1,0,3.42,3.0,10.26
440,2024-04-26,Organic,149.06,1029,1548.0,0,1,1,41.63,21.0,874.23
441,2024-11-13,Email,36.69,3799,1336.0,1,1,0,39.23,17.0,666.91
442,2024-10-05,Email,197.19,9755,48.0,0,1,0,40.68,11.0,447.48
443,2024-05-06,Paid Social,58.91,1154,117.0,1,1,0,14.68,19.0,278.92
444,2024-05-08,Referral,138.97,5844,,0,0,1,78.55,21.0,1649.55
445,2024-02-27,Email,215.92,2000,1673.0,0,1,0,,20.0,
446,2024-05-01,Referral,102.6,0,564.0,0,0,0,9.82,18.0,176.76
447,2024-01-01,Organic,,7080,1067.0,1,1,0,3.69,7.0,25.83
448,2024-08-26,Paid Social,20.41,7169,1838.0,1,1,0,8.65,,
449,2024-10-16,Paid Social,30.38,9691,52.0,1,0,0,68.71,15.0,1030.6499999999999
450,2024-04-05,Paid Search,40.93,3515,1609.0,0,1,1,45.16,18.0,812.8799999999999
451,2024-05-05,Referral,14.74,542,,1,0,1,40.43,5.0,202.15
452,2024-04-27,Email,,6318,1548.0,1,1,1,20.55,19.0,390.45
453,2024-02-17,Email,183.59,4752,1700.0,0,0,1,34.49,20.0,689.8000000000001
454,2024-03-29,Paid Social,51.55,0,,1,1,0,14.72,10.0,147.20000000000002
455,2024-08-24,Organic,323.55,7933,1815.0,1,0,1,25.94,4.0,103.76
456,2024-09-28,,65.65,9470,1793.0,1,1,0,63.01,15.0,945.15
457,2024-07-07,Email,270.47,7697,1872.0,1,0,1,159.04,6.0,954.24
458,2024-07-10,Organic,274.07,4558,867.0,1,1,1,107.82,4.0,431.28
459,2024-03-09,Email,49.16,6691,397.0,1,1,0,,10.0,
460,2024-10-04,Email,149.01,9549,1161.0,1,1,0,20.58,14.0,288.12
461,2024-12-14,Paid Social,178.11,2409,674.0,1,1,0,25.3,2.0,50.6
462,2024-09-03,Paid Social,48.06,6368,1944.0,0,1,0,48.92,4.0,195.68
463,2024-03-16,Paid Search,1.91,1010,386.0,1,0,0,102.14,22.0,2247.08
464,2024-06-02,Organic,146.46,4440,110.0,1,0,1,,20.0,
465,2024-05-23,Paid Search,39.89,4109,613.0,0,0,1,14.51,4.0,58.04
466,2024-03-26,Email,74.9,6728,16.0,1,1,0,6.0,8.0,48.0
467,2024-07-03,Organic,96.2,2269,1803.0,1,1,0,37.87,14.0,530.18
468,2024-10-11,Paid Search,126.38,2272,1205.0,0,0,0,14.63,2.0,29.26
469,2024-08-07,Paid Search,62.74,5768,883.0,0,1,1,15.79,5.0,78.94999999999999
470,2024-03-09,Paid Social,101.39,6413,1559.0,0,1,0,2.94,16.0,47.04
471,2024-02-16,Email,187.12,8415,540.0,0,1,0,17.22,20.0,344.4
472,2024-04-03,Paid Search,10.4,8136,170.0,0,0,0,79.36,7.0,555.52
473,2024-08-25,Paid Search,21.41,6889,408.0,1,0,0,10.61,20.0,212.2
474,2024-07-22,Referral,28.19,885,739.0,0,1,0,47.52,10.0,475.20000000000005
475,2024-08-05,Paid Social,53.7,6239,1401.0,1,1,1,39.73,5.0,198.64999999999998
476,2024-12-06,Organic,143.71,6444,1211.0,0,0,0,79.65,7.0,557.5500000000001
477,2024-02-08,Paid Social,169.38,2516,857.0,1,1,1,5.68,9.0,51.12
478,2024-04-09,Organic,71.37,9088,229.0,1,1,0,151.93,23.0,3494.3900000000003
479,2024-10-15,Organic,71.54,4254,1856.0,1,1,1,34.95,2.0,69.9
480,2024-09-10,Paid Social,209.17,5719,1875.0,0,1,1,215.92,22.0,4750.24
481,2024-08-09,Paid Search,97.33,2036,118.0,1,0,0,97.0,13.0,1261.0
482,2024-12-22,Email,61.21,3907,1179.0,0,0,0,10.02,22.0,220.44
483,2024-01-23,Paid Search,155.99,7251,783.0,0,1,0,2.31,13.0,30.03
484,2024-09-06,Paid Social,144.33,9593,1710.0,1,0,1,11.81,9.0,106.29
485,2024-01-10,Paid Social,111.54,3336,464.0,0,0,0,,11.0,
486,2024-09-02,Organic,51.53,2452,103.0,0,0,1,7.53,5.0,37.65
487,2024-11-20,Referral,34.86,2032,1627.0,0,0,0,7.33,11.0,80.63
488,2024-04-09,Organic,37.98,8656,697.0,1,0,1,24.84,22.0,546.48
489,2024-10-16,,40.01,5016,1995.0,1,0,1,1.35,13.0,17.55
490,2024-06-28,Organic,36.83,5598,1818.0,1,0,1,5.2,1.0,5.2
491,2024-08-10,Paid Search,53.78,1046,1525.0,1,0,0,21.5,,
492,2024-09-06,Organic,82.43,9669,1716.0,0,1,0,2.61,9.0,23.49
493,2024-05-26,,90.07,1539,1705.0,1,1,1,20.22,16.0,323.52
494,2024-04-05,Paid Social,29.57,7830,1722.0,0,1,0,25.7,16.0,411.2
495,2024-09-13,Paid Social,100.32,4957,174.0,1,0,0,24.01,2.0,48.02
496,2024-11-20,Organic,89.1,440,1757.0,1,0,0,81.36,18.0,1464.48
497,2024-01-04,Referral,76.46,482,744.0,0,1,0,30.21,0.0,0.0
498,2024-01-16,Organic,50.11,9848,1697.0,0,1,0,25.24,11.0,277.64
499,2024-10-06,Email,30.24,8591,1444.0,1,1,0,21.15,6.0,126.89999999999999
500,2024-12-01,Organic,125.56,238,1157.0,1,0,0,68.07,3.0,204.20999999999998
